Workbook

Sheet Ponto
D3: PONTO MAXCAST
E4: Funcionário:
D5: =funcionario!M8 -> André de Castro Vasconcelos
D7: DIA: | F7: ='Interação'!J13 -> 46099
D8: =funcionario!C10 -> 0.375 | E8: =funcionario!D10 -> 0.45833333 | F8: =funcionario!E10 -> 0.51666667 | G8: =funcionario!F10 -> 45870.585
D9: ENTRADA | E9: ALMOÇO | F9: RETORNO | G9: SAÍDA
C10: {=INDEX('Interação'!C1:C44, 'Interação'!H12)} -> 46099 | D10: {=INDEX('Interação'!D1:D44, 'Interação'!H12)} | E10: {=INDEX('Interação'!E1:E44, 'Interação'!H12)} | F10: {=INDEX('Interação'!F1:F44, 'Interação'!H12)} | G10: {=INDEX('Interação'!G1:G44, 'Interação'!H12)} | H10: {=INDEX('Interação'!H1:H44, 'Interação'!H12)}
D14: Obs:

Sheet Interação
C3: FOLHA DE PONTO
C4: ='Calendário'!B2 -> 46082 | H4: MAXCAST
C6: Periodo: | D6: =IFERROR(DATE(YEAR(C4), MONTH(C4)-1, 26), "") -> 46079 | E6: À | F6: =IFERROR(DATE(YEAR(C4), MONTH(C4), 25), "") -> 46106 | H6: Dados do Funcionário:
H7: Nome Completo: | I7: =funcionario!M8 -> André de Castro Vasconcelos
C8: Referência | H8: PIS: | I8: =funcionario!M9 -> 2
C9: Entrada | D9: Almoço | E9: Volta | F9: Saída
H12: =MATCH(J13, C1:C44, 0) -> 34
C13: Dias | D13: Entrada | E13: Almoço | F13: Volta | G13: Saída | H13: Observações | J13: =TODAY() -> 46099
C14: =DATE(YEAR(C4), MONTH(C4)-1, 26) -> 46079 | J14: =NOW() -> 46099.435
C15: =C14+1 -> 46080
C16: =C15+1 -> 46081
C17: =C16+1 -> 46082
C18: =C17+1 -> 46083
C19: =C18+1 -> 46084
C20: =C19+1 -> 46085
C21: =C20+1 -> 46086
C22: =C21+1 -> 46087
C23: =C22+1 -> 46088
C24: =C23+1 -> 46089
C25: =C24+1 -> 46090
C26: =C25+1 -> 46091
... C44: =C43+1 -> 46109

Sheet funcionario
C3: FOLHA DE PONTO | L3: MAX CAST
C6: Período: | D6: =IFERROR(DATE(YEAR(H6), MONTH(H6)-1, 26), "") -> 46079 | E6: À | F6: =IFERROR(DATE(YEAR(H6), MONTH(H6), 25), "") -> 46106 | H6: ='Calendário'!B2 -> 46082
L7: Dados do Funcionário
C8: Referência | H8: Horas | L8: Nome: | M8: André de Castro Vasconcelos
C9: Entrada | D9: Saída | E9: Entrada | F9: Saída | H9: Extras | I9: Devedora | J9: Saldo | L9: Padrão sábados: | M9: 2
C10: 0.375 | D10: 0.45833333 | E10: 0.51666667 | F10: 45870.585 | H10: =SUM(K20:K50) -> 0 | I10: =SUM(L20:L50) -> 0 | J10: =H10-I10 -> 0
C12: Dias Trabalhados | H12: Horário
C13: Trabalhados | D13: Uteis | E13: Sábados | F13: Feriados | H13: Semana | I13: Sábado
C14: =COUNTBLANK(E20:E50) -> 25 | D14: =NETWORKDAYS(D6,F6) -> 20 | E14: =C14-D14 -> 5 | F14: =COUNTIF($E$20:$E$50,"Feriado") -> 0 | H14: 0.31666667 | I14: 0.16666667
C18: Calendário | F18: Registro de Entrada e Saída | J18: Total de Horas
C19: Dias | D19: dia | E19: Folgas | F19: Entrada | G19: Almoço | H19: Volta | I19: Saída | J19: Trabalhadas | K19: Extras | L19: Devedora | M19: Observação
C20: =DATE(YEAR(H6), MONTH(H6)-1, 26) -> 46079 | D20: =IF(C20="","",WEEKDAY(C20,1)) -> 5 | E20: {=IF(MOD(M$9, 2) = 1, IF(INDEX('Calendário'!$C$6:$C$36, ROW()-ROW($D$20)+1) <> "", INDEX('Calendário'!$C$6:$C$36, ROW()-ROW($D$20)+1), IF(OR(WEEKDAY(C20,2)=7, AND(WEEKDAY(C20,2)=6, MOD(SUMPRODUCT(--(WEEKDAY($C$20:C20,2)=6)),2)<>0)), "Folga", "") ), IF(INDEX('Calendário'!$C$6:$C$36, ROW()-ROW($D$20)+1) <> "", INDEX('Calendário'!$C$6:$C$36, ROW()-ROW($D$20)+1), IF(OR(WEEKDAY(C20,2)=7, AND(WEEKDAY(C20,2)=6, MOD(SUMPRODUCT(--(WEEKDAY($C$20:C20,2)=6)),2)=0)), "Folga", "") ) )} | J20: =IF(AND(F20<>"", I20<>"" ), (I20-F20)-(H20-G20), 0) -> 0 | K20: =IF(AND(F20<>"", I20<>"" ), IF(E20 <> "", IF(J20 > TIME(0, 0, 0), MAX(0, J20 * 2), TIME(0, 0, 0) ), IF(WEEKDAY(D20, 2) <> 6, IF(J20 - IF(WEEKDAY(D20, 2) = 6, I$14, H$14) <= TIME(0, 5, 0), TIME(0, 0, 0), MAX(0, J20 - IF(WEEKDAY(D20, 2) = 6, I$14, H$14)) ), MAX(0, J20 - IF(WEEKDAY(D20, 2) = 6, I$14, H$14)) ) ), 0) -> 0 | L20: =IF(AND(F20<>"", I20<>""), IF(IF(WEEKDAY(D20,2)=6, I$14, H$14) - J20 <= TIME(0,5,0), TIME(0,0,0), IF(IF(WEEKDAY(D20,2)=6, I$14, H$14) - J20 < 0, 0, IF(E20<>"", 0, IF(WEEKDAY(D20,2)=6, I$14, H$14) - J20))), 0) -> 0
C21: =C20+1 -> 46080 | D21: =IF(C21="","",WEEKDAY(C21,1)) -> 6 | E21: {=IF(MOD(M$9, 2) = 1, IF(INDEX('Calendário'!$C$6:$C$36, ROW()-ROW($D$20)+1) <> "", INDEX('Calendário'!$C$6:$C$36, ROW()-ROW($D$20)+1), IF(OR(WEEKDAY(C21,2)=7, AND(WEEKDAY(C21,2)=6, MOD(SUMPRODUCT(--(WEEKDAY($C$20:C21,2)=6)),2)<>0)), "Folga", "") ), IF(INDEX('Calendário'!$C$6:$C$36, ROW()-ROW($D$20)+1) <> "", INDEX('Calendário'!$C$6:$C$36, ROW()-ROW($D$20)+1), IF(OR(WEEKDAY(C21,2)=7, AND(WEEKDAY(C21,2)=6, MOD(SUMPRODUCT(--(WEEKDAY($C$20:C21,2)=6)),2)=0)), "Folga", "") ) )} | J21: =IF(AND(F21<>"", I21<>"" ), (I21-F21)-(H21-G21), 0) -> 0 | K21: =IF(AND(F21<>"", I21<>"" ), IF(E21 <> "", IF(J21 > TIME(0, 0, 0), MAX(0, J21 * 2), TIME(0, 0, 0) ), IF(WEEKDAY(D21, 2) <> 6, IF(J21 - IF(WEEKDAY(D21, 2) = 6, I$14, H$14) <= TIME(0, 5, 0), TIME(0, 0, 0), MAX(0, J21 - IF(WEEKDAY(D21, 2) = 6, I$14, H$14)) ), MAX(0, J21 - IF(WEEKDAY(D21, 2) = 6, I$14, H$14)) ) ), 0) -> 0 | L21: =IF(AND(F21<>"", I21<>""), IF(IF(WEEKDAY(D21,2)=6, I$14, H$14) - J21 <= TIME(0,5,0), TIME(0,0,0), IF(IF(WEEKDAY(D21,2)=6, I$14, H$14) - J21 < 0, 0, IF(E21<>"", 0, IF(WEEKDAY(D21,2)=6, I$14, H$14) - J21))), 0) -> 0
C22: =C21+1 -> 46081 | D22: =IF(C22="","",WEEKDAY(C22,1)) -> 7 | E22: {=IF(MOD(M$9, 2) = 1, IF(INDEX('Calendário'!$C$6:$C$36, ROW()-ROW($D$20)+1) <> "", INDEX('Calendário'!$C$6:$C$36, ROW()-ROW($D$20)+1), IF(OR(WEEKDAY(C22,2)=7, AND(WEEKDAY(C22,2)=6, MOD(SUMPRODUCT(--(WEEKDAY($C$20:C22,2)=6)),2)<>0)), "Folga", "") ), IF(INDEX('Calendário'!$C$6:$C$36, ROW()-ROW($D$20)+1) <> "", INDEX('Calendário'!$C$6:$C$36, ROW()-ROW($D$20)+1), IF(OR(WEEKDAY(C22,2)=7, AND(WEEKDAY(C22,2)=6, MOD(SUMPRODUCT(--(WEEKDAY($C$20:C22,2)=6)),2)=0)), "Folga", "") ) )} | J22: =IF(AND(F22<>"", I22<>"" ), (I22-F22)-(H22-G22), 0) -> 0 | K22: =IF(AND(F22<>"", I22<>"" ), IF(E22 <> "", IF(J22 > TIME(0, 0, 0), MAX(0, J22 * 2), TIME(0, 0, 0) ), IF(WEEKDAY(D22, 2) <> 6, IF(J22 - IF(WEEKDAY(D22, 2) = 6, I$14, H$14) <= TIME(0, 5, 0), TIME(0, 0, 0), MAX(0, J22 - IF(WEEKDAY(D22, 2) = 6, I$14, H$14)) ), MAX(0, J22 - IF(WEEKDAY(D22, 2) = 6, I$14, H$14)) ) ), 0) -> 0 | L22: =IF(AND(F22<>"", I22<>""), IF(IF(WEEKDAY(D22,2)=6, I$14, H$14) - J22 <= TIME(0,5,0), TIME(0,0,0), IF(IF(WEEKDAY(D22,2)=6, I$14, H$14) - J22 < 0, 0, IF(E22<>"", 0, IF(WEEKDAY(D22,2)=6, I$14, H$14) - J22))), 0) -> 0
C23: =C22+1 -> 46082 | D23: =IF(C23="","",WEEKDAY(C23,1)) -> 1 | E23: {=IF(MOD(M$9, 2) = 1, IF(INDEX('Calendário'!$C$6:$C$36, ROW()-ROW($D$20)+1) <> "", INDEX('Calendário'!$C$6:$C$36, ROW()-ROW($D$20)+1), IF(OR(WEEKDAY(C23,2)=7, AND(WEEKDAY(C23,2)=6, MOD(SUMPRODUCT(--(WEEKDAY($C$20:C23,2)=6)),2)<>0)), "Folga", "") ), IF(INDEX('Calendário'!$C$6:$C$36, ROW()-ROW($D$20)+1) <> "", INDEX('Calendário'!$C$6:$C$36, ROW()-ROW($D$20)+1), IF(OR(WEEKDAY(C23,2)=7, AND(WEEKDAY(C23,2)=6, MOD(SUMPRODUCT(--(WEEKDAY($C$20:C23,2)=6)),2)=0)), "Folga", "") ) )} -> Folga | J23: =IF(AND(F23<>"", I23<>"" ), (I23-F23)-(H23-G23), 0) -> 0 | K23: =IF(AND(F23<>"", I23<>"" ), IF(E23 <> "", IF(J23 > TIME(0, 0, 0), MAX(0, J23 * 2), TIME(0, 0, 0) ), IF(WEEKDAY(D23, 2) <> 6, IF(J23 - IF(WEEKDAY(D23, 2) = 6, I$14, H$14) <= TIME(0, 5, 0), TIME(0, 0, 0), MAX(0, J23 - IF(WEEKDAY(D23, 2) = 6, I$14, H$14)) ), MAX(0, J23 - IF(WEEKDAY(D23, 2) = 6, I$14, H$14)) ) ), 0) -> 0 | L23: =IF(AND(F23<>"", I23<>""), IF(IF(WEEKDAY(D23,2)=6, I$14, H$14) - J23 <= TIME(0,5,0), TIME(0,0,0), IF(IF(WEEKDAY(D23,2)=6, I$14, H$14) - J23 < 0, 0, IF(E23<>"", 0, IF(WEEKDAY(D23,2)=6, I$14, H$14) - J23))), 0) -> 0
C24: =C23+1 -> 46083 | D24: =IF(C24="","",WEEKDAY(C24,1)) -> 2 | E24: {=IF(MOD(M$9, 2) = 1, IF(INDEX('Calendário'!$C$6:$C$36, ROW()-ROW($D$20)+1) <> "", INDEX('Calendário'!$C$6:$C$36, ROW()-ROW($D$20)+1), IF(OR(WEEKDAY(C24,2)=7, AND(WEEKDAY(C24,2)=6, MOD(SUMPRODUCT(--(WEEKDAY($C$20:C24,2)=6)),2)<>0)), "Folga", "") ), IF(INDEX('Calendário'!$C$6:$C$36, ROW()-ROW($D$20)+1) <> "", INDEX('Calendário'!$C$6:$C$36, ROW()-ROW($D$20)+1), IF(OR(WEEKDAY(C24,2)=7, AND(WEEKDAY(C24,2)=6, MOD(SUMPRODUCT(--(WEEKDAY($C$20:C24,2)=6)),2)=0)), "Folga", "") ) )} | J24: =IF(AND(F24<>"", I24<>"" ), (I24-F24)-(H24-G24), 0) -> 0 | K24: =IF(AND(F24<>"", I24<>"" ), IF(E24 <> "", IF(J24 > TIME(0, 0, 0), MAX(0, J24 * 2), TIME(0, 0, 0) ), IF(WEEKDAY(D24, 2) <> 6, IF(J24 - IF(WEEKDAY(D24, 2) = 6, I$14, H$14) <= TIME(0, 5, 0), TIME(0, 0, 0), MAX(0, J24 - IF(WEEKDAY(D24, 2) = 6, I$14, H$14)) ), MAX(0, J24 - IF(WEEKDAY(D24, 2) = 6, I$14, H$14)) ) ), 0) -> 0 | L24: =IF(AND(F24<>"", I24<>""), IF(IF(WEEKDAY(D24,2)=6, I$14, H$14) - J24 <= TIME(0,5,0), TIME(0,0,0), IF(IF(WEEKDAY(D24,2)=6, I$14, H$14) - J24 < 0, 0, IF(E24<>"", 0, IF(WEEKDAY(D24,2)=6, I$14, H$14) - J24))), 0) -> 0
C25: =C24+1 -> 46084 | D25: =IF(C25="","",WEEKDAY(C25,1)) -> 3 | E25: {=IF(MOD(M$9, 2) = 1, IF(INDEX('Calendário'!$C$6:$C$36, ROW()-ROW($D$20)+1) <> "", INDEX('Calendário'!$C$6:$C$36, ROW()-ROW($D$20)+1), IF(OR(WEEKDAY(C25,2)=7, AND(WEEKDAY(C25,2)=6, MOD(SUMPRODUCT(--(WEEKDAY($C$20:C25,2)=6)),2)<>0)), "Folga", "") ), IF(INDEX('Calendário'!$C$6:$C$36, ROW()-ROW($D$20)+1) <> "", INDEX('Calendário'!$C$6:$C$36, ROW()-ROW($D$20)+1), IF(OR(WEEKDAY(C25,2)=7, AND(WEEKDAY(C25,2)=6, MOD(SUMPRODUCT(--(WEEKDAY($C$20:C25,2)=6)),2)=0)), "Folga", "") ) )} | J25: =IF(AND(F25<>"", I25<>"" ), (I25-F25)-(H25-G25), 0) -> 0 | K25: =IF(AND(F25<>"", I25<>"" ), IF(E25 <> "", IF(J25 > TIME(0, 0, 0), MAX(0, J25 * 2), TIME(0, 0, 0) ), IF(WEEKDAY(D25, 2) <> 6, IF(J25 - IF(WEEKDAY(D25, 2) = 6, I$14, H$14) <= TIME(0, 5, 0), TIME(0, 0, 0), MAX(0, J25 - IF(WEEKDAY(D25, 2) = 6, I$14, H$14)) ), MAX(0, J25 - IF(WEEKDAY(D25, 2) = 6, I$14, H$14)) ) ), 0) -> 0 | L25: =IF(AND(F25<>"", I25<>""), IF(IF(WEEKDAY(D25,2)=6, I$14, H$14) - J25 <= TIME(0,5,0), TIME(0,0,0), IF(IF(WEEKDAY(D25,2)=6, I$14, H$14) - J25 < 0, 0, IF(E25<>"", 0, IF(WEEKDAY(D25,2)=6, I$14, H$14) - J25))), 0) -> 0
C26: =C25+1 -> 46085 | D26: =IF(C26="","",WEEKDAY(C26,1)) -> 4 | E26: {=IF(MOD(M$9, 2) = 1, IF(INDEX('Calendário'!$C$6:$C$36, ROW()-ROW($D$20)+1) <> "", INDEX('Calendário'!$C$6:$C$36, ROW()-ROW($D$20)+1), IF(OR(WEEKDAY(C26,2)=7, AND(WEEKDAY(C26,2)=6, MOD(SUMPRODUCT(--(WEEKDAY($C$20:C26,2)=6)),2)<>0)), "Folga", "") ), IF(INDEX('Calendário'!$C$6:$C$36, ROW()-ROW($D$20)+1) <> "", INDEX('Calendário'!$C$6:$C$36, ROW()-ROW($D$20)+1), IF(OR(WEEKDAY(C26,2)=7, AND(WEEKDAY(C26,2)=6, MOD(SUMPRODUCT(--(WEEKDAY($C$20:C26,2)=6)),2)=0)), "Folga", "") ) )} | J26: =IF(AND(F26<>"", I26<>"" ), (I26-F26)-(H26-G26), 0) -> 0 | K26: =IF(AND(F26<>"", I26<>"" ), IF(E26 <> "", IF(J26 > TIME(0, 0, 0), MAX(0, J26 * 2), TIME(0, 0, 0) ), IF(WEEKDAY(D26, 2) <> 6, IF(J26 - IF(WEEKDAY(D26, 2) = 6, I$14, H$14) <= TIME(0, 5, 0), TIME(0, 0, 0), MAX(0, J26 - IF(WEEKDAY(D26, 2) = 6, I$14, H$14)) ), MAX(0, J26 - IF(WEEKDAY(D26, 2) = 6, I$14, H$14)) ) ), 0) -> 0 | L26: =IF(AND(F26<>"", I26<>""), IF(IF(WEEKDAY(D26,2)=6, I$14, H$14) - J26 <= TIME(0,5,0), TIME(0,0,0), IF(IF(WEEKDAY(D26,2)=6, I$14, H$14) - J26 < 0, 0, IF(E26<>"", 0, IF(WEEKDAY(D26,2)=6, I$14, H$14) - J26))), 0) -> 0
C27: =C26+1 -> 46086 | D27: =IF(C27="","",WEEKDAY(C27,1)) -> 5 | E27: {=IF(MOD(M$9, 2) = 1, IF(INDEX('Calendário'!$C$6:$C$36, ROW()-ROW($D$20)+1) <> "", INDEX('Calendário'!$C$6:$C$36, ROW()-ROW($D$20)+1), IF(OR(WEEKDAY(C27,2)=7, AND(WEEKDAY(C27,2)=6, MOD(SUMPRODUCT(--(WEEKDAY($C$20:C27,2)=6)),2)<>0)), "Folga", "") ), IF(INDEX('Calendário'!$C$6:$C$36, ROW()-ROW($D$20)+1) <> "", INDEX('Calendário'!$C$6:$C$36, ROW()-ROW($D$20)+1), IF(OR(WEEKDAY(C27,2)=7, AND(WEEKDAY(C27,2)=6, MOD(SUMPRODUCT(--(WEEKDAY($C$20:C27,2)=6)),2)=0)), "Folga", "") ) )} | J27: =IF(AND(F27<>"", I27<>"" ), (I27-F27)-(H27-G27), 0) -> 0 | K27: =IF(AND(F27<>"", I27<>"" ), IF(E27 <> "", IF(J27 > TIME(0, 0, 0), MAX(0, J27 * 2), TIME(0, 0, 0) ), IF(WEEKDAY(D27, 2) <> 6, IF(J27 - IF(WEEKDAY(D27, 2) = 6, I$14, H$14) <= TIME(0, 5, 0), TIME(0, 0, 0), MAX(0, J27 - IF(WEEKDAY(D27, 2) = 6, I$14, H$14)) ), MAX(0, J27 - IF(WEEKDAY(D27, 2) = 6, I$14, H$14)) ) ), 0) -> 0 | L27: =IF(AND(F27<>"", I27<>""), IF(IF(WEEKDAY(D27,2)=6, I$14, H$14) - J27 <= TIME(0,5,0), TIME(0,0,0), IF(IF(WEEKDAY(D27,2)=6, I$14, H$14) - J27 < 0, 0, IF(E27<>"", 0, IF(WEEKDAY(D27,2)=6, I$14, H$14) - J27))), 0) -> 0
C28: =C27+1 -> 46087 | D28: =IF(C28="","",WEEKDAY(C28,1)) -> 6 | E28: {=IF(MOD(M$9, 2) = 1, IF(INDEX('Calendário'!$C$6:$C$36, ROW()-ROW($D$20)+1) <> "", INDEX('Calendário'!$C$6:$C$36, ROW()-ROW($D$20)+1), IF(OR(WEEKDAY(C28,2)=7, AND(WEEKDAY(C28,2)=6, MOD(SUMPRODUCT(--(WEEKDAY($C$20:C28,2)=6)),2)<>0)), "Folga", "") ), IF(INDEX('Calendário'!$C$6:$C$36, ROW()-ROW($D$20)+1) <> "", INDEX('Calendário'!$C$6:$C$36, ROW()-ROW($D$20)+1), IF(OR(WEEKDAY(C28,2)=7, AND(WEEKDAY(C28,2)=6, MOD(SUMPRODUCT(--(WEEKDAY($C$20:C28,2)=6)),2)=0)), "Folga", "") ) )} | J28: =IF(AND(F28<>"", I28<>"" ), (I28-F28)-(H28-G28), 0) -> 0 | K28: =IF(AND(F28<>"", I28<>"" ), IF(E28 <> "", IF(J28 > TIME(0, 0, 0), MAX(0, J28 * 2), TIME(0, 0, 0) ), IF(WEEKDAY(D28, 2) <> 6, IF(J28 - IF(WEEKDAY(D28, 2) = 6, I$14, H$14) <= TIME(0, 5, 0), TIME(0, 0, 0), MAX(0, J28 - IF(WEEKDAY(D28, 2) = 6, I$14, H$14)) ), MAX(0, J28 - IF(WEEKDAY(D28, 2) = 6, I$14, H$14)) ) ), 0) -> 0 | L28: =IF(AND(F28<>"", I28<>""), IF(IF(WEEKDAY(D28,2)=6, I$14, H$14) - J28 <= TIME(0,5,0), TIME(0,0,0), IF(IF(WEEKDAY(D28,2)=6, I$14, H$14) - J28 < 0, 0, IF(E28<>"", 0, IF(WEEKDAY(D28,2)=6, I$14, H$14) - J28))), 0) -> 0
C29: =C28+1 -> 46088 | D29: =IF(C29="","",WEEKDAY(C29,1)) -> 7 | E29: {=IF(MOD(M$9, 2) = 1, IF(INDEX('Calendário'!$C$6:$C$36, ROW()-ROW($D$20)+1) <> "", INDEX('Calendário'!$C$6:$C$36, ROW()-ROW($D$20)+1), IF(OR(WEEKDAY(C29,2)=7, AND(WEEKDAY(C29,2)=6, MOD(SUMPRODUCT(--(WEEKDAY($C$20:C29,2)=6)),2)<>0)), "Folga", "") ), IF(INDEX('Calendário'!$C$6:$C$36, ROW()-ROW($D$20)+1) <> "", INDEX('Calendário'!$C$6:$C$36, ROW()-ROW($D$20)+1), IF(OR(WEEKDAY(C29,2)=7, AND(WEEKDAY(C29,2)=6, MOD(SUMPRODUCT(--(WEEKDAY($C$20:C29,2)=6)),2)=0)), "Folga", "") ) )} -> Folga | J29: =IF(AND(F29<>"", I29<>"" ), (I29-F29)-(H29-G29), 0) -> 0 | K29: =IF(AND(F29<>"", I29<>"" ), IF(E29 <> "", IF(J29 > TIME(0, 0, 0), MAX(0, J29 * 2), TIME(0, 0, 0) ), IF(WEEKDAY(D29, 2) <> 6, IF(J29 - IF(WEEKDAY(D29, 2) = 6, I$14, H$14) <= TIME(0, 5, 0), TIME(0, 0, 0), MAX(0, J29 - IF(WEEKDAY(D29, 2) = 6, I$14, H$14)) ), MAX(0, J29 - IF(WEEKDAY(D29, 2) = 6, I$14, H$14)) ) ), 0) -> 0 | L29: =IF(AND(F29<>"", I29<>""), IF(IF(WEEKDAY(D29,2)=6, I$14, H$14) - J29 <= TIME(0,5,0), TIME(0,0,0), IF(IF(WEEKDAY(D29,2)=6, I$14, H$14) - J29 < 0, 0, IF(E29<>"", 0, IF(WEEKDAY(D29,2)=6, I$14, H$14) - J29))), 0) -> 0
C30: =C29+1 -> 46089 | D30: =IF(C30="","",WEEKDAY(C30,1)) -> 1 | E30: {=IF(MOD(M$9, 2) = 1, IF(INDEX('Calendário'!$C$6:$C$36, ROW()-ROW($D$20)+1) <> "", INDEX('Calendário'!$C$6:$C$36, ROW()-ROW($D$20)+1), IF(OR(WEEKDAY(C30,2)=7, AND(WEEKDAY(C30,2)=6, MOD(SUMPRODUCT(--(WEEKDAY($C$20:C30,2)=6)),2)<>0)), "Folga", "") ), IF(INDEX('Calendário'!$C$6:$C$36, ROW()-ROW($D$20)+1) <> "", INDEX('Calendário'!$C$6:$C$36, ROW()-ROW($D$20)+1), IF(OR(WEEKDAY(C30,2)=7, AND(WEEKDAY(C30,2)=6, MOD(SUMPRODUCT(--(WEEKDAY($C$20:C30,2)=6)),2)=0)), "Folga", "") ) )} -> Folga | J30: =IF(AND(F30<>"", I30<>"" ), (I30-F30)-(H30-G30), 0) -> 0 | K30: =IF(AND(F30<>"", I30<>"" ), IF(E30 <> "", IF(J30 > TIME(0, 0, 0), MAX(0, J30 * 2), TIME(0, 0, 0) ), IF(WEEKDAY(D30, 2) <> 6, IF(J30 - IF(WEEKDAY(D30, 2) = 6, I$14, H$14) <= TIME(0, 5, 0), TIME(0, 0, 0), MAX(0, J30 - IF(WEEKDAY(D30, 2) = 6, I$14, H$14)) ), MAX(0, J30 - IF(WEEKDAY(D30, 2) = 6, I$14, H$14)) ) ), 0) -> 0 | L30: =IF(AND(F30<>"", I30<>""), IF(IF(WEEKDAY(D30,2)=6, I$14, H$14) - J30 <= TIME(0,5,0), TIME(0,0,0), IF(IF(WEEKDAY(D30,2)=6, I$14, H$14) - J30 < 0, 0, IF(E30<>"", 0, IF(WEEKDAY(D30,2)=6, I$14, H$14) - J30))), 0) -> 0
C31: =C30+1 -> 46090 | D31: =IF(C31="","",WEEKDAY(C31,1)) -> 2 | E31: {=IF(MOD(M$9, 2) = 1, IF(INDEX('Calendário'!$C$6:$C$36, ROW()-ROW($D$20)+1) <> "", INDEX('Calendário'!$C$6:$C$36, ROW()-ROW($D$20)+1), IF(OR(WEEKDAY(C31,2)=7, AND(WEEKDAY(C31,2)=6, MOD(SUMPRODUCT(--(WEEKDAY($C$20:C31,2)=6)),2)<>0)), "Folga", "") ), IF(INDEX('Calendário'!$C$6:$C$36, ROW()-ROW($D$20)+1) <> "", INDEX('Calendário'!$C$6:$C$36, ROW()-ROW($D$20)+1), IF(OR(WEEKDAY(C31,2)=7, AND(WEEKDAY(C31,2)=6, MOD(SUMPRODUCT(--(WEEKDAY($C$20:C31,2)=6)),2)=0)), "Folga", "") ) )} | J31: =IF(AND(F31<>"", I31<>"" ), (I31-F31)-(H31-G31), 0) -> 0 | K31: =IF(AND(F31<>"", I31<>"" ), IF(E31 <> "", IF(J31 > TIME(0, 0, 0), MAX(0, J31 * 2), TIME(0, 0, 0) ), IF(WEEKDAY(D31, 2) <> 6, IF(J31 - IF(WEEKDAY(D31, 2) = 6, I$14, H$14) <= TIME(0, 5, 0), TIME(0, 0, 0), MAX(0, J31 - IF(WEEKDAY(D31, 2) = 6, I$14, H$14)) ), MAX(0, J31 - IF(WEEKDAY(D31, 2) = 6, I$14, H$14)) ) ), 0) -> 0 | L31: =IF(AND(F31<>"", I31<>""), IF(IF(WEEKDAY(D31,2)=6, I$14, H$14) - J31 <= TIME(0,5,0), TIME(0,0,0), IF(IF(WEEKDAY(D31,2)=6, I$14, H$14) - J31 < 0, 0, IF(E31<>"", 0, IF(WEEKDAY(D31,2)=6, I$14, H$14) - J31))), 0) -> 0
C32: =C31+1 -> 46091 | D32: =IF(C32="","",WEEKDAY(C32,1)) -> 3 | E32: {=IF(MOD(M$9, 2) = 1, IF(INDEX('Calendário'!$C$6:$C$36, ROW()-ROW($D$20)+1) <> "", INDEX('Calendário'!$C$6:$C$36, ROW()-ROW($D$20)+1), IF(OR(WEEKDAY(C32,2)=7, AND(WEEKDAY(C32,2)=6, MOD(SUMPRODUCT(--(WEEKDAY($C$20:C32,2)=6)),2)<>0)), "Folga", "") ), IF(INDEX('Calendário'!$C$6:$C$36, ROW()-ROW($D$20)+1) <> "", INDEX('Calendário'!$C$6:$C$36, ROW()-ROW($D$20)+1), IF(OR(WEEKDAY(C32,2)=7, AND(WEEKDAY(C32,2)=6, MOD(SUMPRODUCT(--(WEEKDAY($C$20:C32,2)=6)),2)=0)), "Folga", "") ) )} | J32: =IF(AND(F32<>"", I32<>"" ), (I32-F32)-(H32-G32), 0) -> 0 | K32: =IF(AND(F32<>"", I32<>"" ), IF(E32 <> "", IF(J32 > TIME(0, 0, 0), MAX(0, J32 * 2), TIME(0, 0, 0) ), IF(WEEKDAY(D32, 2) <> 6, IF(J32 - IF(WEEKDAY(D32, 2) = 6, I$14, H$14) <= TIME(0, 5, 0), TIME(0, 0, 0), MAX(0, J32 - IF(WEEKDAY(D32, 2) = 6, I$14, H$14)) ), MAX(0, J32 - IF(WEEKDAY(D32, 2) = 6, I$14, H$14)) ) ), 0) -> 0 | L32: =IF(AND(F32<>"", I32<>""), IF(IF(WEEKDAY(D32,2)=6, I$14, H$14) - J32 <= TIME(0,5,0), TIME(0,0,0), IF(IF(WEEKDAY(D32,2)=6, I$14, H$14) - J32 < 0, 0, IF(E32<>"", 0, IF(WEEKDAY(D32,2)=6, I$14, H$14) - J32))), 0) -> 0
... C50: =C49+1 -> 46109 | D50: =IF(C50="","",WEEKDAY(C50,1)) -> 7 | E50: {=IF(MOD(M$9, 2) = 1, IF(INDEX('Calendário'!$C$6:$C$36, ROW()-ROW($D$20)+1) <> "", INDEX('Calendário'!$C$6:$C$36, ROW()-ROW($D$20)+1), IF(OR(WEEKDAY(C50,2)=7, AND(WEEKDAY(C50,2)=6, MOD(SUMPRODUCT(--(WEEKDAY($C$20:C50,2)=6)),2)<>0)), "Folga", "") ), IF(INDEX('Calendário'!$C$6:$C$36, ROW()-ROW($D$20)+1) <> "", INDEX('Calendário'!$C$6:$C$36, ROW()-ROW($D$20)+1), IF(OR(WEEKDAY(C50,2)=7, AND(WEEKDAY(C50,2)=6, MOD(SUMPRODUCT(--(WEEKDAY($C$20:C50,2)=6)),2)=0)), "Folga", "") ) )} | J50: =IF(AND(F50<>"", I50<>"" ), (I50-F50)-(H50-G50), 0) -> 0 | K50: =IF(AND(F50<>"", I50<>"" ), IF(E50 <> "", IF(J50 > TIME(0, 0, 0), MAX(0, J50 * 2), TIME(0, 0, 0) ), IF(WEEKDAY(D50, 2) <> 6, IF(J50 - IF(WEEKDAY(D50, 2) = 6, I$14, H$14) <= TIME(0, 5, 0), TIME(0, 0, 0), MAX(0, J50 - IF(WEEKDAY(D50, 2) = 6, I$14, H$14)) ), MAX(0, J50 - IF(WEEKDAY(D50, 2) = 6, I$14, H$14)) ) ), 0) -> 0 | L50: =IF(AND(F50<>"", I50<>""), IF(IF(WEEKDAY(D50,2)=6, I$14, H$14) - J50 <= TIME(0,5,0), TIME(0,0,0), IF(IF(WEEKDAY(D50,2)=6, I$14, H$14) - J50 < 0, 0, IF(E50<>"", 0, IF(WEEKDAY(D50,2)=6, I$14, H$14) - J50))), 0) -> 0

Sheet Calendário
B1: Calendário | F1: Período Atual | I1: Automatização dos meses
B2: =E2 -> 46082 | E2: =DATE(L5, I5, 1) -> 46082 | F2: =IFERROR(DATE(YEAR(B2), MONTH(B2)-1, 26), "") -> 46079 | G2: =IFERROR(DATE(YEAR(B2), MONTH(B2), 25), "") -> 46106
I4: MÊS | J4: HOJE | K4: PERÍODO | L4: ANO
B5: Dia | C5: Feriados | D5: Folga da Semana | F5: Feriados | G5: Datas | I5: =IF(K5 = "ANTES", MONTH(J5), IF(K5 = "DEPOIS", IF(MONTH(J5) = 12, 1, MONTH(J5) + 1), "")) -> 3 | J5: =TODAY() -> 46099 | K5: =IF(DAY(J5) < 26, "ANTES", "DEPOIS") -> ANTES | L5: =IF(K5 = "ANTES", YEAR(J5), IF(I5 = 1, YEAR(J5) + 1, YEAR(J5))) -> 2026
B6: =IFERROR(IF(F2<=G2, F2, ""), "") -> 46079 | C6: =IFERROR(IFS(MATCH(B6,INDIRECT("$G$6:$G"),0),"feriado"),"") | D6: =IF(B6="","",WEEKDAY(B6,1)) -> 5 | F6: Ano Novo | G6: 45292 | I6: janeiro | J6: =DATE(L5, 12, 26) -> 46382
B7: =IFERROR(IF(AND(B6+1 <= G$2, B6+1 >= F$2), B6+1, ""), "") -> 46080 | C7: =IFERROR(IFS(MATCH(B7,INDIRECT("$G$6:$G"),0),"feriado"),"") | D7: =IF(B7="","",WEEKDAY(B7,1)) -> 6 | F7: Independência | G7: 45542 | I7: fevereiro | J7: =DATE(L5, 1, 26) -> 46048
B8: =IFERROR(IF(AND(B7+1 <= G$2, B7+1 >= F$2), B7+1, ""), "") -> 46081 | C8: =IFERROR(IFS(MATCH(B8,INDIRECT("$G$6:$G"),0),"feriado"),"") | D8: =IF(B8="","",WEEKDAY(B8,1)) -> 7 | F8: Finados | G8: 45598 | I8: março | J8: =DATE(L5, 2, 26) -> 46079
B9: =IFERROR(IF(AND(B8+1 <= G$2, B8+1 >= F$2), B8+1, ""), "") -> 46082 | C9: =IFERROR(IFS(MATCH(B9,INDIRECT("$G$6:$G"),0),"feriado"),"") | D9: =IF(B9="","",WEEKDAY(B9,1)) -> 1 | F9: Proclamação da República | G9: 45611 | I9: abril | J9: =DATE(L5, 3, 26) -> 46107
B10: =IFERROR(IF(AND(B9+1 <= G$2, B9+1 >= F$2), B9+1, ""), "") -> 46083 | C10: =IFERROR(IFS(MATCH(B10,INDIRECT("$G$6:$G"),0),"feriado"),"") | D10: =IF(B10="","",WEEKDAY(B10,1)) -> 2 | F10: Natal | G10: 45651 | I10: maio | J10: =DATE(L5, 4, 26) -> 46138
B11: =IFERROR(IF(AND(B10+1 <= G$2, B10+1 >= F$2), B10+1, ""), "") -> 46084 | C11: =IFERROR(IFS(MATCH(B11,INDIRECT("$G$6:$G"),0),"feriado"),"") | D11: =IF(B11="","",WEEKDAY(B11,1)) -> 3 | F11: Feriado | G11: 45577 | I11: junho | J11: =DATE(L5, 5, 26) -> 46168
B12: =IFERROR(IF(AND(B11+1 <= G$2, B11+1 >= F$2), B11+1, ""), "") -> 46085 | C12: =IFERROR(IFS(MATCH(B12,INDIRECT("$G$6:$G"),0),"feriado"),"") | D12: =IF(B12="","",WEEKDAY(B12,1)) -> 4 | I12: julho | J12: =DATE(L5, 6, 26) -> 46199
B13: =IFERROR(IF(AND(B12+1 <= G$2, B12+1 >= F$2), B12+1, ""), "") -> 46086 | C13: =IFERROR(IFS(MATCH(B13,INDIRECT("$G$6:$G"),0),"feriado"),"") | D13: =IF(B13="","",WEEKDAY(B13,1)) -> 5 | I13: agosto | J13: =DATE(L5, 7, 26) -> 46229
B14: =IFERROR(IF(AND(B13+1 <= G$2, B13+1 >= F$2), B13+1, ""), "") -> 46087 | C14: =IFERROR(IFS(MATCH(B14,INDIRECT("$G$6:$G"),0),"feriado"),"") | D14: =IF(B14="","",WEEKDAY(B14,1)) -> 6 | I14: setembro | J14: =DATE(L5, 8, 26) -> 46260
B15: =IFERROR(IF(AND(B14+1 <= G$2, B14+1 >= F$2), B14+1, ""), "") -> 46088 | C15: =IFERROR(IFS(MATCH(B15,INDIRECT("$G$6:$G"),0),"feriado"),"") | D15: =IF(B15="","",WEEKDAY(B15,1)) -> 7 | I15: outubro | J15: =DATE(L5, 9, 26) -> 46291
B16: =IFERROR(IF(AND(B15+1 <= G$2, B15+1 >= F$2), B15+1, ""), "") -> 46089 | C16: =IFERROR(IFS(MATCH(B16,INDIRECT("$G$6:$G"),0),"feriado"),"") | D16: =IF(B16="","",WEEKDAY(B16,1)) -> 1 | I16: novembro | J16: =DATE(L5, 10, 26) -> 46321
B17: =IFERROR(IF(AND(B16+1 <= G$2, B16+1 >= F$2), B16+1, ""), "") -> 46090 | C17: =IFERROR(IFS(MATCH(B17,INDIRECT("$G$6:$G"),0),"feriado"),"") | D17: =IF(B17="","",WEEKDAY(B17,1)) -> 2 | I17: dezembro | J17: =DATE(L5, 11, 26) -> 46352
B18: =IFERROR(IF(AND(B17+1 <= G$2, B17+1 >= F$2), B17+1, ""), "") -> 46091 | C18: =IFERROR(IFS(MATCH(B18,INDIRECT("$G$6:$G"),0),"feriado"),"") | D18: =IF(B18="","",WEEKDAY(B18,1)) -> 3
B19: =IFERROR(IF(AND(B18+1 <= G$2, B18+1 >= F$2), B18+1, ""), "") -> 46092 | C19: =IFERROR(IFS(MATCH(B19,INDIRECT("$G$6:$G"),0),"feriado"),"") | D19: =IF(B19="","",WEEKDAY(B19,1)) -> 4
B20: =IFERROR(IF(AND(B19+1 <= G$2, B19+1 >= F$2), B19+1, ""), "") -> 46093 | C20: =IFERROR(IFS(MATCH(B20,INDIRECT("$G$6:$G"),0),"feriado"),"") | D20: =IF(B20="","",WEEKDAY(B20,1)) -> 5
B21: =IFERROR(IF(AND(B20+1 <= G$2, B20+1 >= F$2), B20+1, ""), "") -> 46094 | C21: =IFERROR(IFS(MATCH(B21,INDIRECT("$G$6:$G"),0),"feriado"),"") | D21: =IF(B21="","",WEEKDAY(B21,1)) -> 6
B22: =IFERROR(IF(AND(B21+1 <= G$2, B21+1 >= F$2), B21+1, ""), "") -> 46095 | C22: =IFERROR(IFS(MATCH(B22,INDIRECT("$G$6:$G"),0),"feriado"),"") | D22: =IF(B22="","",WEEKDAY(B22,1)) -> 7
B23: =IFERROR(IF(AND(B22+1 <= G$2, B22+1 >= F$2), B22+1, ""), "") -> 46096 | C23: =IFERROR(IFS(MATCH(B23,INDIRECT("$G$6:$G"),0),"feriado"),"") | D23: =IF(B23="","",WEEKDAY(B23,1)) -> 1
B24: =IFERROR(IF(AND(B23+1 <= G$2, B23+1 >= F$2), B23+1, ""), "") -> 46097 | C24: =IFERROR(IFS(MATCH(B24,INDIRECT("$G$6:$G"),0),"feriado"),"") | D24: =IF(B24="","",WEEKDAY(B24,1)) -> 2
B25: =IFERROR(IF(AND(B24+1 <= G$2, B24+1 >= F$2), B24+1, ""), "") -> 46098 | C25: =IFERROR(IFS(MATCH(B25,INDIRECT("$G$6:$G"),0),"feriado"),"") | D25: =IF(B25="","",WEEKDAY(B25,1)) -> 3
B26: =IFERROR(IF(AND(B25+1 <= G$2, B25+1 >= F$2), B25+1, ""), "") -> 46099 | C26: =IFERROR(IFS(MATCH(B26,INDIRECT("$G$6:$G"),0),"feriado"),"") | D26: =IF(B26="","",WEEKDAY(B26,1)) -> 4
B27: =IFERROR(IF(AND(B26+1 <= G$2, B26+1 >= F$2), B26+1, ""), "") -> 46100 | C27: =IFERROR(IFS(MATCH(B27,INDIRECT("$G$6:$G"),0),"feriado"),"") | D27: =IF(B27="","",WEEKDAY(B27,1)) -> 5
B28: =IFERROR(IF(AND(B27+1 <= G$2, B27+1 >= F$2), B27+1, ""), "") -> 46101 | C28: =IFERROR(IFS(MATCH(B28,INDIRECT("$G$6:$G"),0),"feriado"),"") | D28: =IF(B28="","",WEEKDAY(B28,1)) -> 6
B29: =IFERROR(IF(AND(B28+1 <= G$2, B28+1 >= F$2), B28+1, ""), "") -> 46102 | C29: =IFERROR(IFS(MATCH(B29,INDIRECT("$G$6:$G"),0),"feriado"),"") | D29: =IF(B29="","",WEEKDAY(B29,1)) -> 7
... B36: =IFERROR(IF(AND(B35+1 <= G$2, B35+1 >= F$2), B35+1, ""), "") | C36: =IFERROR(IFS(MATCH(B36,INDIRECT("$G$6:$G"),0),"feriado"),"") | D36: =IF(B36="","",WEEKDAY(B36,1))
